|AC_AC|19
|AC_AL|12
|AC_AP|12
|AC_AM|12
|AC_BA|12
|AC_CE|12
|AC_DF|12
|AC_ES|12
|AC_GO|12
|AC_MA|12
|AC_MT|12
|AC_MS|12
|AC_MG|12
|AC_PA|12
|AC_PB|12
|AC_PR|12
|AC_PE|12
|AC_PI|12
|AC_RJ|12
|AC_RN|12
|AC_RS|12
|AC_RO|12
|AC_RR|12
|AC_SC|12
|AC_SP|12
|AC_SE|12
|AC_TO|12
|AL_AL|17
|AL_AC|12
|AL_AP|12
|AL_AM|12
|AL_BA|12
|AL_CE|12
|AL_DF|12
|AL_ES|12
|AL_GO|12
|AL_MA|12
|AL_MT|12
|AL_MS|12
|AL_MG|12
|AL_PA|12
|AL_PB|12
|AL_PR|12
|AL_PE|12
|AL_PI|12
|AL_RJ|12
|AL_RN|12
|AL_RS|12
|AL_RO|12
|AL_RR|12
|AL_SC|12
|AL_SP|12
|AL_SE|12
|AL_TO|12
|AM_AM|20
|AM_AC|12
|AM_AP|12
|AM_AL|12
|AM_BA|12
|AM_CE|12
|AM_DF|12
|AM_ES|12
|AM_GO|12
|AM_MA|12
|AM_MT|12
|AM_MS|12
|AM_MG|12
|AM_PA|12
|AM_PB|12
|AM_PR|12
|AM_PE|12
|AM_PI|12
|AM_RJ|12
|AM_RN|12
|AM_RS|12
|AM_RO|12
|AM_RR|12
|AM_SC|12
|AM_SP|12
|AM_SE|12
|AM_TO|12
|AP_AP|18
|AP_AC|12
|AP_AM|12
|AP_AL|12
|AP_BA|12
|AP_CE|12
|AP_DF|12
|AP_ES|12
|AP_GO|12
|AP_MA|12
|AP_MT|12
|AP_MS|12
|AP_MG|12
|AP_PA|12
|AP_PB|12
|AP_PR|12
|AP_PE|12
|AP_PI|12
|AP_RJ|12
|AP_RN|12
|AP_RS|12
|AP_RO|12
|AP_RR|12
|AP_SC|12
|AP_SP|12
|AP_SE|12
|AP_TO|12
|BA_AP|12
|BA_AC|12
|BA_AM|12
|BA_AL|12
|BA_BA|19
|BA_CE|12
|BA_DF|12
|BA_ES|12
|BA_GO|12
|BA_MA|12
|BA_MT|12
|BA_MS|12
|BA_MG|12
|BA_PA|12
|BA_PB|12
|BA_PR|12
|BA_PE|12
|BA_PI|12
|BA_RJ|12
|BA_RN|12
|BA_RS|12
|BA_RO|12
|BA_RR|12
|BA_SC|12
|BA_SP|12
|BA_SE|12
|BA_TO|12
|CE_AP|12
|CE_AC|12
|CE_AM|12
|CE_AL|12
|CE_BA|12
|CE_CE|20
|CE_DF|12
|CE_ES|12
|CE_GO|12
|CE_MA|12
|CE_MT|12
|CE_MS|12
|CE_MG|12
|CE_PA|12
|CE_PB|12
|CE_PR|12
|CE_PE|12
|CE_PI|12
|CE_RJ|12
|CE_RN|12
|CE_RS|12
|CE_RO|12
|CE_RR|12
|CE_SC|12
|CE_SP|12
|CE_SE|12
|CE_TO|12
|CE_AP|12
|CE_AC|12
|CE_AM|12
|CE_AL|12
|CE_BA|12
|CE_CE|20
|CE_DF|12
|CE_ES|12
|CE_GO|12
|CE_MA|12
|CE_MT|12
|CE_MS|12
|CE_MG|12
|CE_PA|12
|CE_PB|12
|CE_PR|12
|CE_PE|12
|CE_PI|12
|CE_RJ|12
|CE_RN|12
|CE_RS|12
|CE_RO|12
|CE_RR|12
|CE_SC|12
|CE_SP|12
|CE_SE|12
|CE_TO|12
|DF_AP|12
|DF_AC|12
|DF_AM|12
|DF_AL|12
|DF_BA|12
|DF_CE|12
|DF_DF|18
|DF_ES|12
|DF_GO|12
|DF_MA|12
|DF_MT|12
|DF_MS|12
|DF_MG|12
|DF_PA|12
|DF_PB|12
|DF_PR|12
|DF_PE|12
|DF_PI|12
|DF_RJ|12
|DF_RN|12
|DF_RS|12
|DF_RO|12
|DF_RR|12
|DF_SC|12
|DF_SP|12
|DF_SE|12
|DF_TO|12
|ES_AP|12
|ES_AC|12
|ES_AM|12
|ES_AL|12
|ES_BA|12
|ES_CE|12
|ES_DF|12
|ES_ES|17
|ES_GO|12
|ES_MA|12
|ES_MT|12
|ES_MS|12
|ES_MG|12
|ES_PA|12
|ES_PB|12
|ES_PR|12
|ES_PE|12
|ES_PI|12
|ES_RJ|12
|ES_RN|12
|ES_RS|12
|ES_RO|12
|ES_RR|12
|ES_SC|12
|ES_SP|12
|ES_SE|12
|ES_TO|12
|GO_AP|12
|GO_AC|12
|GO_AM|12
|GO_AL|12
|GO_BA|12
|GO_CE|12
|GO_DF|12
|GO_ES|12
|GO_GO|17
|GO_MA|12
|GO_MT|12
|GO_MS|12
|GO_MG|12
|GO_PA|12
|GO_PB|12
|GO_PR|12
|GO_PE|12
|GO_PI|12
|GO_RJ|12
|GO_RN|12
|GO_RS|12
|GO_RO|12
|GO_RR|12
|GO_SC|12
|GO_SP|12
|GO_SE|12
|GO_TO|12
|MA_AP|12
|MA_AC|12
|MA_AM|12
|MA_AL|12
|MA_BA|12
|MA_CE|12
|MA_DF|12
|MA_ES|12
|MA_GO|12
|MA_MA|20
|MA_MT|12
|MA_MS|12
|MA_MG|12
|MA_PA|12
|MA_PB|12
|MA_PR|12
|MA_PE|12
|MA_PI|12
|MA_RJ|12
|MA_RN|12
|MA_RS|12
|MA_RO|12
|MA_RR|12
|MA_SC|12
|MA_SP|12
|MA_SE|12
|MA_TO|12
|MG_AP|7
|MG_AC|7
|MG_AM|7
|MG_AL|7
|MG_BA|7
|MG_CE|7
|MG_DF|7
|MG_ES|7
|MG_GO|7
|MG_MA|7
|MG_MT|7
|MG_MS|7
|MG_MG|18
|MG_PA|7
|MG_PB|7
|MG_PR|12
|MG_PE|7
|MG_PI|7
|MG_RJ|12
|MG_RN|7
|MG_RS|12
|MG_RO|7
|MG_RR|7
|MG_SC|12
|MG_SP|12
|MG_SE|7
|MG_TO|7
|MS_AP|12
|MS_AC|12
|MS_AM|12
|MS_AL|12
|MS_BA|12
|MS_CE|12
|MS_DF|12
|MS_ES|12
|MS_GO|12
|MS_MA|12
|MS_MT|12
|MS_MS|17
|MS_MG|12
|MS_PA|12
|MS_PB|12
|MS_PR|12
|MS_PE|12
|MS_PI|12
|MS_RJ|12
|MS_RN|12
|MS_RS|12
|MS_RO|12
|MS_RR|12
|MS_SC|12
|MS_SP|12
|MS_SE|12
|MS_TO|12
|MT_AP|12
|MT_AC|12
|MT_AM|12
|MT_AL|12
|MT_BA|12
|MT_CE|12
|MT_DF|12
|MT_ES|12
|MT_GO|12
|MT_MA|12
|MT_MS|12
|MT_MT|17
|MT_MG|12
|MT_PA|12
|MT_PB|12
|MT_PR|12
|MT_PE|12
|MT_PI|12
|MT_RJ|12
|MT_RN|12
|MT_RS|12
|MT_RO|12
|MT_RR|12
|MT_SC|12
|MT_SP|12
|MT_SE|12
|MT_TO|12
|PA_AP|12
|PA_AC|12
|PA_AM|12
|PA_AL|12
|PA_BA|12
|PA_CE|12
|PA_DF|12
|PA_ES|12
|PA_GO|12
|PA_MA|12
|PA_MS|12
|PA_MT|12
|PA_MG|12
|PA_PA|19
|PA_PB|12
|PA_PR|12
|PA_PE|12
|PA_PI|12
|PA_RJ|12
|PA_RN|12
|PA_RS|12
|PA_RO|12
|PA_RR|12
|PA_SC|12
|PA_SP|12
|PA_SE|12
|PA_TO|12
|PB_AP|12
|PB_AC|12
|PB_AM|12
|PB_AL|12
|PB_BA|12
|PB_CE|12
|PB_DF|12
|PB_ES|12
|PB_GO|12
|PB_MA|12
|PB_MS|12
|PB_MT|12
|PB_MG|12
|PB_PA|12
|PB_PB|18
|PB_PR|12
|PB_PE|12
|PB_PI|12
|PB_RJ|12
|PB_RN|12
|PB_RS|12
|PB_RO|12
|PB_RR|12
|PB_SC|12
|PB_SP|12
|PB_SE|12
|PB_TO|12
|PI_AP|12
|PI_AC|12
|PI_AM|12
|PI_AL|12
|PI_BA|12
|PI_CE|12
|PI_DF|12
|PI_ES|12
|PI_GO|12
|PI_MA|12
|PI_MS|12
|PI_MT|17
|PI_MG|12
|PI_PA|12
|PI_PB|12
|PI_PR|12
|PI_PE|12
|PI_PI|18
|PI_RJ|12
|PI_RN|12
|PI_RS|12
|PI_RO|12
|PI_RR|12
|PI_SC|12
|PI_SP|12
|PI_SE|12
|PI_TO|12
|PR_AP|7
|PR_AC|7
|PR_AM|7
|PR_AL|7
|PR_BA|7
|PR_CE|7
|PR_DF|7
|PR_ES|7
|PR_GO|7
|PR_MA|7
|PR_MS|7
|PR_MT|7
|PR_MG|12
|PR_PA|7
|PR_PB|7
|PR_PI|7
|PR_PE|7
|PR_PR|19
|PR_RJ|12
|PR_RN|7
|PR_RS|12
|PR_RO|7
|PR_RR|7
|PR_SC|12
|PR_SP|12
|PR_SE|7
|PR_TO|7
|RJ_AP|7
|RJ_AC|7
|RJ_AM|7
|RJ_AL|7
|RJ_BA|7
|RJ_CE|7
|RJ_DF|7
|RJ_ES|7
|RJ_GO|7
|RJ_MA|7
|RJ_MS|7
|RJ_MT|7
|RJ_MG|12
|RJ_PA|7
|RJ_PB|7
|RJ_PI|7
|RJ_PE|7
|RJ_PR|12
|RJ_RJ|20
|RJ_RN|7
|RJ_RS|12
|RJ_RO|7
|RJ_RR|7
|RJ_SC|12
|RJ_SP|12
|RJ_SE|7
|RJ_TO|7
|RN_AP|12
|RN_AC|12
|RN_AM|12
|RN_AL|12
|RN_BA|12
|RN_CE|12
|RN_DF|12
|RN_ES|12
|RN_GO|12
|RN_MA|12
|RN_MS|12
|RN_MT|17
|RN_MG|12
|RN_PA|12
|RN_PB|12
|RN_PR|12
|RN_PE|12
|RN_PE|12
|RN_RJ|12
|RN_RN|20
|RN_RS|12
|RN_RO|12
|RN_RR|12
|RN_SC|12
|RN_SP|12
|RN_SE|12
|RN_TO|12
|RO_AP|12
|RO_AC|12
|RO_AM|12
|RO_AL|12
|RO_BA|12
|RO_CE|12
|RO_DF|12
|RO_ES|12
|RO_GO|12
|RO_MA|12
|RO_MS|12
|RO_MT|17
|RO_MG|12
|RO_PA|12
|RO_PB|12
|RO_PR|12
|RO_PE|12
|RO_PE|12
|RO_RJ|12
|RO_RN|12
|RO_RS|12
|RO_RO|17.5
|RO_RR|12
|RO_SC|12
|RO_SP|12
|RO_SE|12
|RO_TO|12
|RR_AP|12
|RR_AC|12
|RR_AM|12
|RR_AL|12
|RR_BA|12
|RR_CE|12
|RR_DF|12
|RR_ES|12
|RR_GR|12
|RR_MA|12
|RR_MS|12
|RR_MT|17
|RR_MG|12
|RR_PA|12
|RR_PB|12
|RR_PR|12
|RR_PE|12
|RR_PE|12
|RR_RJ|12
|RR_RN|12
|RR_RS|12
|RR_RO|12
|RR_RR|17
|RR_SC|12
|RR_SP|12
|RR_SE|12
|RR_TR|12
|RS_AP|7
|RS_AC|7
|RS_AM|7
|RS_AL|7
|RS_BA|7
|RS_CE|7
|RS_DF|7
|RS_ES|7
|RS_GO|7
|RS_MA|7
|RS_MT|7
|RS_MS|7
|RS_MG|12
|RS_PA|7
|RS_PB|7
|RS_PR|12
|RS_PE|7
|RS_PI|7
|RS_RJ|12
|RS_RN|7
|RS_RS|18
|RS_RO|7
|RS_RR|7
|RS_SC|12
|RS_SP|12
|RS_SE|7
|RS_TO|7
|SC_AP|7
|SC_AC|7
|SC_AM|7
|SC_AL|7
|SC_BA|7
|SC_CE|7
|SC_DF|7
|SC_ES|7
|SC_GO|7
|SC_MA|7
|SC_MT|7
|SC_MS|7
|SC_MG|12
|SC_PA|7
|SC_PB|7
|SC_PR|12
|SC_PE|7
|SC_PI|7
|SC_RJ|12
|SC_RN|7
|SC_RS|12
|SC_RO|7
|SC_RR|12
|SC_SC|17
|SC_SP|12
|SC_SE|7
|SC_TO|7
|SE_AP|12
|SE_AC|12
|SE_AM|12
|SE_AL|12
|SE_BA|12
|SE_CE|12
|SE_DF|12
|SE_ES|12
|SE_GO|12
|SE_MA|12
|SE_MT|12
|SE_MS|12
|SE_MG|12
|SE_PA|12
|SE_PB|12
|SE_PR|12
|SE_PE|12
|SE_PI|12
|SE_RJ|12
|SE_RN|12
|SE_RS|12
|SE_RO|12
|SE_RR|12
|SE_SC|12
|SE_SP|12
|SE_SE|22
|SE_TO|12
|SP_AP|7
|SP_AC|7
|SP_AM|7
|SP_AL|7
|SP_BA|7
|SP_CE|7
|SP_DF|7
|SP_ES|7
|SP_GO|7
|SP_MA|7
|SP_MT|12
|SP_MS|7
|SP_MG|7
|SP_PA|7
|SP_PB|7
|SP_PR|7
|SP_PE|7
|SP_PI|12
|SP_RJ|12
|SP_RN|7
|SP_RS|7
|SP_RO|7
|SP_RR|12
|SP_SC|12
|SP_SE|7
|SP_SP|18
|SP_TO|7
|TO_AP|12
|TO_AC|12
|TO_AM|12
|TO_AL|12
|TO_BA|12
|TO_CE|12
|TO_DF|12
|TO_ES|12
|TO_GO|12
|TO_MA|12
|TO_MT|12
|TO_MS|12
|TO_MG|12
|TO_PA|12
|TO_PB|12
|TO_PR|12
|TO_PE|12
|TO_PI|12
|TO_RJ|12
|TO_RN|12
|TO_RS|12
|TO_RO|12
|TO_RR|12
|TO_SC|12
|TO_SE|12
|TO_SP|12
|TO_TO|20
